Date,Open_C,High_C,Low_C,Close_C,Volume_C,AdjClose_C
2013-06-14,50.220001,50.349998,49.189999,49.220001,27362500,48.905422
2013-06-17,49.810001,50.389999,49.049999,49.360001,32128600,49.044527
2013-06-18,49.52,50.25,49.490002,50.009998,19535800,49.69037
2013-06-19,49.990002,50.299999,49.41,49.529999,32511000,49.213438
2013-06-20,48.900002,49.009998,47.540001,47.900002,48678600,47.593859
2013-06-21,48.23,48.34,45.509998,46.869999,76788800,46.570439
2013-06-24,45.77,46.029999,45.060001,45.439999,50809800,45.149579
2013-06-25,46.16,47.34,46.119999,47.0,38838900,46.69961
2013-06-26,47.799999,47.82,47.049999,47.610001,30623500,47.305711
2013-06-27,48.139999,48.689999,47.810001,48.279999,29309200,47.971427
2013-06-28,48.119999,48.389999,47.669998,47.970001,28063600,47.663411
2013-07-01,48.5,49.200001,46.700001,48.25,27234700,47.94162
2013-07-02,48.27,49.16,47.77,48.150002,26615400,47.842261
2013-07-03,47.470001,47.77,47.150002,47.669998,15269700,47.365326
2013-07-05,48.25,48.580002,47.77,48.529999,21649800,48.21983
2013-07-08,48.919998,49.77,48.799999,49.52,26617000,49.203504
2013-07-09,50.0,50.25,49.400002,50.209999,29512900,49.889093
2013-07-10,49.91,50.240002,49.52,49.630001,23768300,49.312801
2013-07-11,50.619999,50.639999,49.549999,50.040001,31097900,49.720181
2013-07-12,50.150002,50.84,49.93,50.810001,26672500,50.48526
2013-07-15,52.040001,52.16,51.009998,51.810001,57329500,51.478869
2013-07-16,52.0,52.43,51.509998,51.830002,33099000,51.498741
2013-07-17,51.990002,52.389999,51.779999,51.790001,34814200,51.458996
2013-07-18,52.16,52.700001,52.049999,52.689999,33211400,52.353242
2013-07-19,52.630001,52.650002,52.150002,52.349998,21762600,52.015415
2013-07-22,52.380001,53.0,52.16,53.0,20047200,52.661262
2013-07-23,53.169998,53.299999,52.66,52.880001,19492100,52.54203
2013-07-24,52.98,53.169998,52.110001,52.189999,22674500,51.856437
2013-07-25,51.98,52.700001,51.400002,52.66,23057000,52.323435
2013-07-26,52.419998,52.459999,51.82,52.209999,16248100,51.87631
2013-07-29,51.900002,51.950001,51.299999,51.639999,16327800,51.309953
2013-07-30,51.82,52.0,51.490002,51.779999,16099700,51.449058
2013-07-31,51.709999,52.959999,51.709999,52.139999,27860500,51.806758
2013-08-01,52.84,53.200001,52.740002,52.860001,20583300,52.532233
2013-08-02,52.84,53.049999,52.5,53.0,15440000,52.671364
2013-08-05,52.93,53.110001,52.75,52.869999,10699700,52.542169
2013-08-06,52.59,52.689999,51.400002,51.48,23692600,51.160789
2013-08-07,51.009998,51.639999,50.799999,51.5,18613400,51.180665
2013-08-08,52.09,52.119999,51.07,51.779999,18623800,51.458928
2013-08-09,51.720001,52.0,51.240002,51.32,15613000,51.001781
2013-08-12,51.0,51.119999,50.650002,50.900002,17413200,50.584387
2013-08-13,51.040001,52.150002,50.740002,51.77,23814200,51.448992
2013-08-14,51.950001,52.439999,51.580002,51.59,17240200,51.270108
2013-08-15,51.02,51.099998,50.330002,50.860001,26231400,50.544634
2013-08-16,50.689999,51.080002,50.220001,50.349998,23497000,50.037795
2013-08-19,50.060001,50.130001,49.299999,49.330002,22958800,49.024123
2013-08-20,49.27,50.25,48.77,49.919998,29313400,49.610461
2013-08-21,49.799999,49.939999,49.029999,49.16,30669600,48.855175
2013-08-22,49.66,50.27,49.279999,49.91,22411800,49.600524
2013-08-23,50.110001,50.330002,49.689999,49.830002,15302800,49.521022
2013-08-26,49.799999,50.34,49.599998,49.599998,16604100,49.292445
2013-08-27,48.84,49.34,48.16,48.240002,29854200,47.940881
2013-08-28,48.049999,48.93,47.639999,48.310001,29616600,48.010447
2013-08-29,48.400002,48.900002,48.27,48.470001,17293800,48.169455
2013-08-30,48.709999,48.709999,47.799999,48.330002,24902000,48.030323
2013-09-03,49.369999,49.84,48.360001,49.369999,28906900,49.063872
2013-09-04,49.310001,49.950001,49.119999,49.599998,18949600,49.292445
2013-09-05,49.849998,50.200001,49.619999,49.860001,17765800,49.550835
2013-09-06,50.18,50.18,48.889999,49.220001,24627200,48.914804
2013-09-09,49.490002,50.119999,49.360001,50.09,22388100,49.779409
2013-09-10,50.740002,51.529999,50.540001,51.09,24843900,50.773208
2013-09-11,51.040001,51.119999,50.259998,50.73,22251600,50.415439
2013-09-12,50.66,50.759998,49.970001,50.259998,21341600,49.948353
2013-09-13,50.290001,50.619999,50.220001,50.490002,12571800,50.17693
2013-09-16,51.189999,51.450001,50.740002,51.0,19369100,50.683766
2013-09-17,51.150002,51.279999,50.869999,51.200001,15469000,50.882526
2013-09-18,51.02,52.66,50.98,52.209999,31901700,51.886262
2013-09-19,52.75,52.880001,51.900002,51.950001,25368500,51.627876
2013-09-20,52.029999,52.099998,51.119999,51.209999,28157600,50.892463
2013-09-23,49.950001,50.169998,49.290001,49.57,34571800,49.262632
2013-09-24,49.43,49.48,48.93,48.959999,26564600,48.656414
2013-09-25,49.040001,49.540001,48.669998,49.259998,26930400,48.954553
2013-09-26,49.27,49.490002,48.5,48.93,23345400,48.626601
2013-09-27,48.759998,49.200001,48.689999,48.889999,20243100,48.586849
2013-09-30,48.27,48.860001,47.830002,48.509998,23789300,48.209204
2013-10-01,48.849998,49.099998,48.419998,48.599998,21040400,48.298646
2013-10-02,48.419998,49.049999,48.16,48.709999,23568300,48.407964
2013-10-03,48.810001,48.98,48.029999,48.400002,22013300,48.099889
2013-10-04,48.450001,49.189999,48.380001,49.139999,18436000,48.835298
2013-10-07,48.619999,48.669998,48.16,48.18,19144300,47.881252
2013-10-08,48.220001,48.450001,47.619999,47.669998,24655300,47.374412
2013-10-09,47.98,48.380001,47.599998,47.950001,22597700,47.652679
2013-10-10,48.799999,49.369999,48.57,49.27,23989600,48.964493
2013-10-11,49.349998,49.360001,48.700001,49.220001,22990000,48.914804
2013-10-14,48.830002,49.900002,48.549999,49.599998,24765900,49.292445
2013-10-15,49.689999,49.990002,48.650002,48.860001,49035600,48.557036
2013-10-16,49.43,50.900002,49.27,50.84,41564100,50.524758
2013-10-17,50.380001,51.220001,50.290001,51.119999,28304600,50.803021
2013-10-18,51.369999,51.369999,50.810001,51.150002,24565300,50.832837
2013-10-21,51.189999,51.57,51.0,51.029999,18703100,50.713579
2013-10-22,51.32,51.389999,50.580002,50.759998,27816600,50.445252
2013-10-23,50.470001,50.529999,49.919998,50.189999,19530800,49.878787
2013-10-24,50.27,50.310001,49.77,50.150002,20034600,49.839038
2013-10-25,50.029999,50.259998,49.950001,50.060001,16736600,49.749596
2013-10-28,50.009998,50.330002,49.959999,50.150002,15543300,49.839038
2013-10-29,50.27,50.459999,50.07,50.220001,16416100,49.908604
2013-10-30,50.5,50.5,49.59,49.889999,22429200,49.580648
2013-10-31,49.740002,49.740002,48.77,48.779999,25056900,48.48725
2013-11-01,48.869999,49.02,48.610001,48.740002,19004100,48.447493
2013-11-04,48.84,49.139999,48.580002,48.630001,16513900,48.338152
2013-11-05,48.5,48.619999,48.23,48.380001,18394200,48.089653
2013-11-06,48.759998,48.82,48.389999,48.619999,17621500,48.32821
2013-11-07,48.93,49.130001,48.349998,48.349998,26954900,48.05983
2013-11-08,48.470001,50.169998,48.470001,49.939999,35134400,49.640288
2013-11-11,49.790001,50.299999,49.360001,50.169998,16831200,49.868907
2013-11-12,50.0,50.009998,49.349998,49.52,21627500,49.22281
2013-11-13,49.279999,49.990002,49.02,49.990002,23536400,49.689991
2013-11-14,50.009998,50.290001,49.549999,50.209999,21758300,49.908668
2013-11-15,50.189999,50.779999,50.040001,50.400002,22217400,50.09753
2013-11-18,50.799999,51.400002,50.57,50.790001,26353400,50.485189
2013-11-19,50.759998,51.439999,50.610001,51.169998,20113300,50.862906
2013-11-20,51.049999,51.290001,50.619999,50.77,18347200,50.465309
2013-11-21,50.860001,51.970001,50.779999,51.73,22868900,51.419546
2013-11-22,51.939999,52.540001,51.84,52.41,26051300,52.095466
2013-11-25,52.490002,53.68,52.48,53.290001,32610000,52.970186
2013-11-26,53.099998,53.459999,52.959999,53.009998,17661000,52.691863
2013-11-27,52.970001,53.259998,52.900002,53.049999,13075200,52.731624
2013-11-29,53.110001,53.59,52.860001,52.919998,10952100,52.602403
2013-12-02,52.959999,53.41,52.529999,52.619999,19854900,52.304205
2013-12-03,52.470001,52.759998,51.73,52.130001,20588400,51.817147
2013-12-04,51.139999,52.310001,51.049999,52.040001,32155300,51.727687
2013-12-05,51.610001,51.799999,50.950001,51.060001,23556900,50.753569
2013-12-06,51.740002,51.990002,51.200001,51.490002,19714300,51.180989
2013-12-09,51.939999,52.459999,51.919998,52.110001,16653500,51.797267
2013-12-10,51.950001,52.610001,51.689999,51.740002,20025700,51.429489
2013-12-11,51.619999,51.650002,50.529999,50.709999,24600000,50.405667
2013-12-12,51.0,51.139999,50.27,50.91,27240800,50.604468
2013-12-13,50.98,51.189999,50.68,50.970001,16743600,50.664109
2013-12-16,51.389999,51.610001,50.82,50.900002,20312000,50.59453
2013-12-17,51.0,51.049999,50.549999,50.689999,17951700,50.385787
2013-12-18,50.810001,52.07,50.330002,51.959999,32921300,51.648166
2013-12-19,51.73,52.130001,51.450001,51.880001,20127100,51.568648
2013-12-20,52.029999,52.439999,51.900002,52.209999,27871300,51.896665
2013-12-23,52.490002,52.639999,52.220001,52.41,13627500,52.095466
2013-12-24,52.360001,52.470001,52.080002,52.43,5302600,52.115346
2013-12-26,52.619999,52.689999,52.200001,52.349998,8882900,52.035825
2013-12-27,52.360001,52.41,52.189999,52.259998,11814500,51.946364
2013-12-30,52.25,52.439999,51.830002,51.919998,11506000,51.608405
2013-12-31,51.959999,52.119999,51.810001,52.110001,10706800,51.797267
2014-01-02,52.029999,52.400002,51.810001,52.27,16479700,51.956307
2014-01-03,52.389999,53.470001,52.310001,53.400002,26884900,53.079526
2014-01-06,53.619999,54.290001,53.43,53.810001,28503100,53.487065
2014-01-07,54.59,54.720001,53.779999,54.18,28840400,53.854844
2014-01-08,54.290001,55.0,54.200001,54.810001,25989800,54.481064
2014-01-09,55.0,55.279999,54.759998,55.200001,21803700,54.868723
2014-01-10,55.029999,55.09,54.299999,54.720001,22485900,54.391604
2014-01-13,54.459999,54.66,53.439999,53.720001,21110300,53.397605
2014-01-14,54.130001,54.400002,53.630001,53.950001,17771000,53.626225
2014-01-15,54.52,55.169998,54.360001,54.990002,33688100,54.659984
2014-01-16,53.560001,53.560001,52.349998,52.599998,62946800,52.284324
2014-01-17,52.650002,52.919998,52.130001,52.27,33934500,51.956307
2014-01-21,52.5,53.0,51.560001,51.849998,27567400,51.538825
2014-01-22,52.009998,52.130001,51.509998,51.900002,20841100,51.588528
2014-01-23,51.650002,51.650002,50.549999,50.720001,34832200,50.41561
2014-01-24,50.049999,50.169998,49.080002,49.330002,59057100,49.033952
2014-01-27,49.099998,49.66,48.360001,48.810001,39675300,48.517072
2014-01-28,49.290001,49.860001,49.290001,49.599998,24780900,49.302328
2014-01-29,48.919998,49.360001,47.700001,48.080002,54018100,47.791454
2014-01-30,48.459999,48.700001,47.779999,48.299999,39940700,48.020118
2014-01-31,47.509998,48.200001,47.290001,47.43,33425100,47.15516
2014-02-03,47.84,47.860001,46.189999,46.34,42977600,46.071476
2014-02-04,47.0,47.5,46.68,46.779999,31286900,46.508925
2014-02-05,46.759998,47.369999,46.310001,47.060001,32535500,46.787305
2014-02-06,47.400002,48.27,47.27,48.25,33905600,47.970408
2014-02-07,49.09,49.389999,48.52,49.34,37875700,49.054092
2014-02-10,49.549999,49.73,48.830002,49.32,19630100,49.034208
2014-02-11,49.240002,49.860001,48.959999,49.66,22982800,49.372238
2014-02-12,49.779999,50.150002,49.650002,49.959999,23626300,49.670499
2014-02-13,49.07,49.93,49.049999,49.860001,20639800,49.57108
2014-02-14,49.57,49.82,49.41,49.52,18780600,49.23305
2014-02-18,49.540001,49.91,49.360001,49.380001,16217800,49.093862
2014-02-19,49.009998,49.310001,48.189999,48.189999,30294400,47.910755
2014-02-20,48.48,48.540001,47.889999,48.130001,25234100,47.851105
2014-02-21,48.220001,48.5,48.099998,48.259998,26881700,47.980349
2014-02-24,48.330002,49.48,48.310001,48.98,23874000,48.696178
2014-02-25,48.939999,49.060001,48.299999,48.400002,20495500,48.119541
2014-02-26,48.43,48.610001,47.68,48.32,28822100,48.040002
2014-02-27,48.09,48.689999,47.959999,48.689999,18598300,48.407857
2014-02-28,48.27,49.290001,48.110001,48.630001,31732000,48.348208
2014-03-03,47.799999,48.25,47.549999,47.610001,28678000,47.334118
2014-03-04,48.330002,48.959999,48.139999,48.830002,23940500,48.547049
2014-03-05,49.040001,49.919998,48.959999,49.419998,23620700,49.133627
2014-03-06,49.900002,50.189999,49.68,49.709999,26967000,49.421947
2014-03-07,50.209999,50.41,49.369999,49.619999,25775500,49.332469
2014-03-10,49.16,49.610001,49.080002,49.57,15397100,49.282759
2014-03-11,49.779999,49.82,48.400002,48.43,33244300,48.149366
2014-03-12,48.119999,48.139999,47.759998,47.98,25822400,47.701973
2014-03-13,48.169998,48.299999,47.07,47.330002,38925400,47.055741
2014-03-14,47.369999,47.82,46.790001,46.880001,26135900,46.608348
2014-03-17,47.470001,47.799999,47.310001,47.73,18928200,47.453421
2014-03-18,47.75,48.139999,47.5,48.139999,19517200,47.861045
2014-03-19,48.220001,49.52,48.02,48.939999,30308800,48.656409
2014-03-20,49.290001,50.459999,49.009998,50.220001,33885600,49.928994
2014-03-21,51.0,51.0,49.860001,50.080002,38388600,49.789806
2014-03-24,50.200001,50.650002,49.779999,50.049999,21170300,49.759977
2014-03-25,50.209999,50.560001,50.049999,50.299999,17484200,50.008529
2014-03-26,50.529999,50.580002,49.68,50.16,36784700,49.86934
2014-03-27,47.43,48.200001,47.110001,47.450001,112601000,47.175045
2014-03-28,47.720001,47.75,47.029999,47.25,39796000,46.976203
2014-03-31,47.529999,47.900002,47.470001,47.599998,25651000,47.324173
2014-04-01,47.720001,48.25,47.650002,47.799999,26810400,47.523015
2014-04-02,48.150002,48.360001,47.73,48.240002,22354300,47.960468
2014-04-03,47.939999,48.0,47.369999,47.68,29237100,47.403712
2014-04-04,47.73,47.790001,46.849998,47.110001,33010000,46.837015
2014-04-07,47.119999,47.169998,46.290001,46.549999,30145300,46.280259
2014-04-08,46.529999,46.849998,46.119999,46.599998,26874900,46.329968
2014-04-09,46.779999,47.189999,46.32,47.16,22373200,46.886724
2014-04-10,47.240002,47.27,46.119999,46.23,27170000,45.962113
2014-04-11,45.700001,46.419998,45.18,45.68,31063200,45.415301
2014-04-14,47.400002,47.799999,46.98,47.669998,51962300,47.393767
2014-04-15,47.959999,48.459999,47.639999,48.310001,36511600,48.030062
2014-04-16,48.560001,48.619999,47.580002,48.18,24654500,47.900814
2014-04-17,48.189999,48.439999,47.990002,48.220001,21361800,47.940583
2014-04-21,48.18,48.220001,47.77,47.84,17044500,47.562784
2014-04-22,47.900002,48.549999,47.849998,48.02,18584800,47.741742
2014-04-23,48.0,48.5,47.91,48.400002,13497900,48.119541
2014-04-24,48.450001,48.580002,48.009998,48.330002,14699100,48.049947
2014-04-25,48.119999,48.419998,47.68,47.75,18117600,47.473306
2014-04-28,47.639999,47.970001,47.049999,47.299999,25780300,47.025913
2014-04-29,47.599998,48.200001,47.400002,48.16,16942400,47.88093
2014-04-30,48.130001,48.330002,47.84,47.91,17077200,47.632378
2014-05-01,47.810001,48.139999,47.59,47.759998,10931500,47.493158
2014-05-02,47.830002,48.209999,47.490002,47.73,15358500,47.463327
2014-05-05,47.200001,47.310001,46.799999,47.18,16845800,46.916401
2014-05-06,47.009998,47.049999,46.330002,46.360001,21786700,46.100983
2014-05-07,46.540001,46.830002,46.32,46.700001,17502000,46.439083
2014-05-08,46.700001,47.490002,46.700001,47.139999,16065700,46.876623
2014-05-09,47.040001,47.23,46.709999,46.990002,15185800,46.727464
2014-05-12,47.220001,47.400002,47.040001,47.27,13305600,47.005898
2014-05-13,47.349998,47.490002,47.23,47.419998,12615200,47.155058
2014-05-14,47.5,47.509998,46.98,47.119999,12405600,46.856735
2014-05-15,46.849998,46.939999,46.150002,46.52,21174400,46.260089
2014-05-16,46.439999,46.68,46.169998,46.439999,17186900,46.180534
2014-05-19,46.099998,46.790001,46.080002,46.77,13621000,46.508692
2014-05-20,46.619999,46.950001,46.380001,46.549999,11789800,46.28992
2014-05-21,46.830002,47.09,46.689999,46.849998,12822600,46.588243
2014-05-22,46.779999,47.150002,46.77,47.139999,12711900,46.876623
2014-05-23,47.23,47.400002,47.09,47.290001,9571800,47.025787
2014-05-27,47.619999,48.349998,47.41,47.57,24503800,47.304221
2014-05-28,47.48,47.889999,47.310001,47.32,14178100,47.055618
2014-05-29,47.349998,47.5,47.209999,47.279999,15552800,47.015841
2014-05-30,47.189999,47.599998,47.150002,47.57,11538700,47.304221
2014-06-02,47.599998,47.959999,47.43,47.759998,11887400,47.493158
2014-06-03,47.509998,48.259998,47.459999,48.189999,16105800,47.920756
2014-06-04,48.040001,48.200001,47.82,47.880001,13075300,47.612491
2014-06-05,48.009998,48.799999,47.889999,48.630001,17048300,48.3583
2014-06-06,48.700001,49.200001,48.619999,48.93,19149500,48.656623
2014-06-09,48.990002,49.59,48.950001,49.580002,14235700,49.302993
2014-06-10,49.490002,49.5,48.990002,49.330002,12769300,49.05439
2014-06-11,49.029999,49.27,48.639999,48.810001,13944200,48.537295
2014-06-12,48.619999,48.709999,48.099998,48.27,15670200,48.000311
2014-06-13,48.139999,48.669998,47.119999,47.59,34838700,47.32411
2014-06-16,47.470001,47.779999,47.040001,47.639999,12790900,47.37383
2014-06-17,47.48,48.049999,47.349998,47.790001,13946300,47.522993
2014-06-18,47.77,48.0,47.41,47.93,14468500,47.662211
2014-06-19,47.950001,47.970001,47.34,47.560001,15747900,47.294279
2014-06-20,47.77,47.82,47.07,47.34,18832900,47.075507
2014-06-23,47.130001,48.18,47.099998,48.060001,18431400,47.791485
2014-06-24,47.849998,48.48,47.709999,47.810001,16916400,47.542882
2014-06-25,47.669998,48.07,47.560001,47.82,12704600,47.552825
2014-06-26,47.709999,47.740002,47.029999,47.23,18875700,46.966121
2014-06-27,47.220001,47.34,46.919998,47.139999,19162000,46.876623
2014-06-30,47.16,47.299999,47.009998,47.099998,12290400,46.836846
2014-07-01,47.419998,47.900002,47.220001,47.459999,16699800,47.194835
2014-07-02,47.540001,48.25,47.5,48.009998,16774600,47.741762
2014-07-03,48.380001,48.709999,48.07,48.240002,13643100,47.97048
2014-07-07,48.049999,48.110001,47.59,47.98,12052300,47.71193
2014-07-08,47.700001,47.73,47.25,47.419998,13808800,47.155058
2014-07-09,47.470001,47.669998,47.200001,47.380001,14195300,47.115284
2014-07-10,46.709999,47.049999,46.549999,46.900002,18671600,46.637966
2014-07-11,46.82,47.009998,46.57,47.0,15205700,46.737406
2014-07-14,48.669998,48.830002,48.349998,48.419998,36149700,48.149471
2014-07-15,48.82,49.459999,48.82,49.290001,34419100,49.014613
2014-07-16,49.490002,49.869999,49.400002,49.82,23590400,49.54165
2014-07-17,49.5,49.98,49.16,49.18,23847600,48.905227
2014-07-18,49.490002,49.810001,49.310001,49.560001,15453900,49.283105
2014-07-21,49.16,49.470001,49.07,49.349998,10920200,49.074275
2014-07-22,49.599998,49.830002,49.380001,49.599998,13125500,49.322878
2014-07-23,49.610001,50.59,49.360001,50.18,20099200,49.89964
2014-07-24,50.220001,50.470001,49.959999,50.09,13282600,49.810142
2014-07-25,49.990002,50.200001,49.939999,50.029999,10082900,49.750476
2014-07-28,49.950001,50.080002,49.540001,49.700001,12070400,49.422322
2014-07-29,49.73,49.869999,49.419998,49.419998,13165800,49.143884
2014-07-30,49.669998,50.27,49.630001,50.0,15327600,49.720645
2014-07-31,49.560001,49.919998,48.91,48.91,23550900,48.646466
2014-08-01,48.59,49.029999,47.900002,48.099998,21822700,47.840829
2014-08-04,48.450001,48.5,48.060001,48.34,14277000,48.079537
2014-08-05,48.259998,48.490002,47.650002,47.889999,15912700,47.631961
2014-08-06,47.75,48.529999,47.75,48.139999,13038300,47.880614
2014-08-07,48.5,48.630001,47.889999,48.060001,12377000,47.801047
2014-08-08,48.060001,48.5,47.779999,48.450001,12001500,48.188945
2014-08-11,48.549999,48.599998,48.23,48.389999,9130300,48.129267
2014-08-12,48.209999,48.68,48.049999,48.439999,9238600,48.178997
2014-08-13,48.619999,48.889999,48.529999,48.75,8602600,48.487328
2014-08-14,48.830002,49.150002,48.740002,49.130001,9693100,48.865282
2014-08-15,49.290001,49.48,48.32,48.720001,16215300,48.457491
2014-08-18,49.049999,49.580002,48.970001,49.509998,13199700,49.243231
2014-08-19,49.529999,50.25,49.52,49.700001,13073300,49.43221
2014-08-20,49.630001,49.919998,49.459999,49.799999,9039500,49.53167
2014-08-21,49.970001,51.220001,49.799999,51.07,24162400,50.794827
2014-08-22,50.939999,51.669998,50.73,50.93,20002900,50.655582
2014-08-25,51.279999,51.990002,51.279999,51.630001,17502900,51.351811
2014-08-26,51.52,52.389999,51.459999,52.130001,18384700,51.849117
2014-08-27,52.119999,52.27,51.68,51.860001,13398400,51.580572
2014-08-28,51.52,51.619999,51.279999,51.389999,10255900,51.113103
2014-08-29,51.529999,51.830002,51.459999,51.650002,8981300,51.371704
2014-09-02,51.779999,51.98,51.439999,51.959999,11452100,51.680031
2014-09-03,52.240002,52.529999,52.040001,52.23,15116800,51.948577
2014-09-04,52.25,52.880001,52.220001,52.470001,15694900,52.187285
2014-09-05,52.310001,52.490002,51.720001,52.299999,17484800,52.018199
2014-09-08,52.16,52.77,51.91,52.049999,13557800,51.769547
2014-09-09,51.639999,51.779999,51.119999,51.259998,14584100,50.983802
2014-09-10,51.240002,51.990002,51.18,51.830002,13013600,51.550734
2014-09-11,51.610001,52.259998,51.52,52.23,14084300,51.948577
2014-09-12,52.200001,52.860001,52.09,52.380001,18329200,52.09777
2014-09-15,52.369999,52.52,51.919998,52.310001,12805700,52.028148
2014-09-16,52.119999,52.41,51.91,52.360001,13221300,52.077878
2014-09-17,52.32,53.049999,52.220001,52.389999,20379900,52.107715
2014-09-18,52.700001,53.900002,52.48,53.66,27307100,53.370872
2014-09-19,53.98,54.130001,53.259998,53.48,22153100,53.191842
2014-09-22,53.439999,53.740002,52.959999,53.040001,16654900,52.754214
2014-09-23,52.75,53.25,52.75,52.84,14586000,52.555291
2014-09-24,52.900002,53.32,52.490002,53.259998,15606000,52.973026
2014-09-25,53.23,53.27,51.959999,51.959999,19262500,51.680031
2014-09-26,51.990002,52.59,51.959999,52.490002,10474200,52.207178
2014-09-29,51.75,52.27,51.32,52.049999,13006900,51.769547
2014-09-30,52.080002,52.490002,51.630001,51.82,21787700,51.540786
2014-10-01,51.68,51.849998,50.889999,51.099998,20757500,50.824664
2014-10-02,50.939999,51.52,50.66,51.25,18393400,50.973858
2014-10-03,51.709999,52.43,51.639999,52.32,17716300,52.038092
2014-10-06,52.57,52.669998,52.130001,52.279999,12675100,51.998307
2014-10-07,51.990002,52.07,51.27,51.27,16837100,50.99375
2014-10-08,51.209999,52.599998,51.18,52.540001,23356300,52.256908
2014-10-09,52.48,52.48,51.009998,51.139999,22423700,50.86445
2014-10-10,50.93,51.290001,50.110001,50.110001,27764500,49.840001
2014-10-13,50.139999,50.869999,49.860001,49.900002,26025900,49.631133
2014-10-14,51.150002,51.630001,50.439999,51.470001,41368500,51.192674
2014-10-15,50.900002,50.93,48.110001,49.68,55398300,49.412317
2014-10-16,48.98,50.209999,48.740002,49.75,28295100,49.48194
2014-10-17,50.490002,50.720001,49.740002,50.07,21969900,49.800215
2014-10-20,50.029999,50.619999,49.959999,50.529999,13796700,50.257736
2014-10-21,51.040001,51.490002,50.75,51.27,17798300,50.99375
2014-10-22,51.27,51.799999,50.68,50.700001,16664500,50.426822
2014-10-23,51.25,51.900002,51.09,51.41,15167500,51.132996
2014-10-24,51.439999,51.869999,51.369999,51.799999,13284400,51.520894
2014-10-27,51.48,51.650002,51.169998,51.59,12134600,51.312026
2014-10-28,51.639999,52.52,51.639999,52.439999,16529200,52.157445
2014-10-29,52.48,52.75,52.09,52.650002,16322200,52.366316
2014-10-30,52.619999,53.400002,52.34,53.150002,21027700,52.873664
2014-10-31,53.400002,53.900002,52.990002,53.529999,27639400,53.251686
2014-11-03,53.419998,53.75,53.02,53.470001,12123000,53.192
2014-11-04,53.279999,53.32,52.630001,53.189999,13618000,52.913454
2014-11-05,53.59,54.110001,53.259998,54.02,18546200,53.73914
2014-11-06,53.970001,54.299999,53.810001,53.990002,13621300,53.709297
2014-11-07,53.860001,54.009998,53.540001,53.75,13479200,53.470543
2014-11-10,53.57,53.889999,53.540001,53.889999,11235500,53.609815
2014-11-11,53.900002,54.09,53.759998,53.810001,9524300,53.530233
2014-11-12,53.34,53.619999,53.07,53.419998,10271400,53.142257
2014-11-13,53.48,53.580002,52.98,53.439999,12667000,53.162154
2014-11-14,53.310001,53.599998,53.259998,53.380001,11339200,53.102468
2014-11-17,53.060001,53.639999,53.049999,53.57,10189100,53.291479
2014-11-18,53.560001,54.169998,53.509998,53.810001,12907700,53.530233
2014-11-19,53.830002,53.830002,53.380001,53.66,8664900,53.381011
2014-11-20,53.25,53.57,53.110001,53.52,9721200,53.24174
2014-11-21,54.07,54.349998,53.610001,53.66,15139600,53.381011
2014-11-24,53.939999,54.490002,53.759998,54.400002,13726500,54.117165
2014-11-25,54.400002,54.52,54.060001,54.330002,13212100,54.04753
2014-11-26,54.450001,54.48,54.0,54.130001,8704200,53.848569
2014-11-28,54.0,54.18,53.830002,53.970001,5876800,53.689401
2014-12-01,53.799999,53.91,53.049999,53.349998,13825700,53.072621
2014-12-02,53.509998,54.470001,53.509998,54.360001,15957100,54.077372
2014-12-03,54.470001,55.279999,54.310001,55.209999,21221500,54.922952
2014-12-04,54.970001,55.43,54.689999,55.18,13407400,54.893109
2014-12-05,55.52,56.490002,55.459999,56.080002,21945900,55.788431
2014-12-08,55.98,56.950001,55.75,56.369999,21799300,56.07692
2014-12-09,55.439999,56.139999,54.689999,55.849998,26262900,55.559623
2014-12-10,55.509998,55.919998,54.349998,54.470001,22464100,54.186801
2014-12-11,54.650002,55.23,54.419998,54.509998,20641300,54.22659
2014-12-12,53.98,54.349998,53.23,53.400002,23137300,53.122365
2014-12-15,54.080002,54.080002,52.52,52.790001,20956200,52.515535
2014-12-16,52.16,52.84,51.119999,51.169998,34745200,50.903955
2014-12-17,51.209999,52.48,51.110001,52.450001,26918800,52.177303
2014-12-18,53.400002,54.099998,53.130001,54.099998,23478100,53.818722
2014-12-19,53.990002,54.48,53.75,54.009998,22986200,53.72919
2014-12-22,54.040001,54.27,53.52,53.959999,11742300,53.679451
2014-12-23,54.02,54.860001,53.93,54.419998,12277000,54.137058
2014-12-24,54.68,54.900002,54.32,54.540001,6237400,54.256437
2014-12-26,54.630001,54.77,54.41,54.43,6415100,54.147008
2014-12-29,54.139999,55.080002,54.029999,54.73,9887500,54.445448
2014-12-30,54.509998,54.950001,54.25,54.84,8188600,54.554876
2014-12-31,54.950001,55.07,54.099998,54.110001,10193000,53.828672
2015-01-02,54.360001,54.689999,53.790001,54.259998,11137800,53.97789
2015-01-05,53.91,53.959999,52.330002,52.549999,20945400,52.276782
2015-01-06,52.68,52.77,50.529999,50.700001,31989300,50.436402
2015-01-07,51.509998,51.549999,50.619999,51.169998,27890800,50.903955
2015-01-08,51.77,52.080002,51.5,51.939999,17467200,51.669952
2015-01-09,52.169998,52.240002,50.77,50.779999,20180200,50.515984
2015-01-12,50.82,50.91,50.029999,50.380001,22725800,50.118066
2015-01-13,50.66,51.23,49.610001,50.02,23201800,49.759937
2015-01-14,48.959999,49.099998,47.77,49.049999,44630800,48.794979
2015-01-15,48.060001,48.240002,46.91,47.23,48799400,46.984442
2015-01-16,46.700001,47.689999,46.599998,47.610001,32307000,47.362467
2015-01-20,47.98,48.0,47.150002,47.259998,25561000,47.014284
2015-01-21,47.369999,48.23,47.150002,47.740002,22873300,47.491792
2015-01-22,48.259998,49.75,47.93,49.57,29652600,49.312276
2015-01-23,49.490002,49.759998,48.610001,48.619999,18984700,48.367214
2015-01-26,48.48,49.029999,48.41,48.889999,13817500,48.635811
2015-01-27,48.040001,48.650002,47.77,48.310001,16401200,48.058828
2015-01-28,48.369999,48.509998,47.110001,47.110001,26065300,46.865067
2015-01-29,47.07,47.779999,46.830002,47.619999,19865700,47.38247
2015-01-30,47.09,47.73,46.900002,46.950001,23729800,46.715813
2015-02-02,47.200001,47.77,46.900002,47.720001,19178200,47.481973
2015-02-03,48.459999,49.220001,48.349998,48.880001,25220200,48.636187
2015-02-04,48.57,49.0,48.299999,48.400002,19581800,48.158582
2015-02-05,48.740002,49.0,48.220001,48.540001,15481900,48.297883
2015-02-06,49.400002,49.950001,49.060001,49.139999,25752200,48.894888
2015-02-09,48.860001,49.509998,48.439999,49.209999,16364900,48.964539
2015-02-10,50.0,50.060001,49.139999,49.389999,17223700,49.143641
2015-02-11,49.150002,49.880001,49.110001,49.68,13079500,49.432196
2015-02-12,49.939999,51.09,49.77,50.889999,28926800,50.636159
2015-02-13,51.009998,51.490002,50.810001,51.200001,17448500,50.944614
2015-02-17,50.950001,51.799999,50.900002,51.689999,14569400,51.432168
2015-02-18,51.299999,51.669998,51.09,51.419998,17666800,51.163514
2015-02-19,51.279999,51.540001,51.040001,51.119999,11272000,50.865012
2015-02-20,51.049999,51.91,50.360001,51.779999,19429400,51.521719
2015-02-23,51.529999,51.540001,50.75,51.32,15282600,51.064015
2015-02-24,51.419998,52.299999,51.389999,51.900002,20250900,51.641124
2015-02-25,51.650002,52.110001,51.549999,52.09,10666000,51.830174
2015-02-26,52.029999,52.490002,51.91,52.41,16358100,52.148578
2015-02-27,52.32,52.869999,52.169998,52.419998,18588400,52.158526
2015-03-02,52.419998,53.52,52.049999,53.490002,19384200,53.223193
2015-03-03,53.939999,54.0,53.43,53.73,24281900,53.461994
2015-03-04,53.48,53.860001,53.240002,53.669998,14698100,53.402291
2015-03-05,53.709999,53.73,53.150002,53.560001,13853800,53.292843
2015-03-06,53.75,54.009998,52.93,53.060001,40296600,52.795337
2015-03-09,52.880001,53.169998,52.77,52.950001,17542600,52.685885
2015-03-10,52.07,52.299999,51.23,51.23,29061300,50.974464
2015-03-11,51.619999,52.759998,51.52,52.330002,32443600,52.068979
2015-03-12,54.0,54.720001,53.450001,54.080002,50191200,53.81025
2015-03-13,53.900002,54.240002,53.259998,53.540001,20780600,53.272943
2015-03-16,53.740002,54.040001,53.400002,53.689999,17031600,53.422192
2015-03-17,53.209999,53.990002,53.16,53.84,13902900,53.571445
2015-03-18,53.419998,53.939999,53.169998,53.720001,18383700,53.452045
2015-03-19,53.57,53.619999,52.200001,52.380001,21150000,52.118729
2015-03-20,52.439999,53.169998,52.41,52.98,22466200,52.715735
2015-03-23,53.029999,53.049999,52.48,52.48,13148900,52.218229
2015-03-24,52.349998,52.439999,51.939999,51.939999,12887700,51.680921
2015-03-25,51.98,52.110001,51.349998,51.380001,15418200,51.123717
2015-03-26,51.189999,51.459999,50.470001,51.189999,21839600,50.934662
2015-03-27,51.490002,51.490002,50.720001,51.0,16052400,50.745611
2015-03-30,51.330002,52.0,51.310001,51.639999,13289200,51.382418
2015-03-31,51.259998,51.77,51.16,51.52,13928900,51.263018
2015-04-01,51.369999,51.900002,51.009998,51.619999,21577700,51.362518
2015-04-02,51.68,52.220001,51.59,51.860001,13966900,51.601322
2015-04-06,51.16,51.959999,50.98,51.619999,13250800,51.362518
2015-04-07,51.830002,51.93,51.389999,51.52,11562700,51.263018
2015-04-08,51.669998,52.220001,51.630001,51.889999,11773000,51.631171
2015-04-09,51.73,52.209999,51.689999,52.130001,13591400,51.869976
2015-04-10,52.080002,52.68,51.98,52.43,13032000,52.168479
2015-04-13,52.48,52.950001,52.41,52.66,11984400,52.397331
2015-04-14,52.93,53.0,52.380001,52.73,13259700,52.466982
2015-04-15,52.93,53.380001,52.75,53.209999,19041100,52.944587
2015-04-16,53.98,54.459999,53.799999,54.02,38345600,53.750548
2015-04-17,53.509998,54.099998,52.950001,53.07,23287000,52.805286
2015-04-20,53.299999,53.57,53.09,53.200001,14730000,52.934638
2015-04-21,53.349998,53.459999,52.25,52.48,19554400,52.218229
2015-04-22,52.52,53.380001,52.349998,53.099998,14873400,52.835135
2015-04-23,53.009998,53.400002,52.82,53.220001,13049600,52.954539
2015-04-24,53.16,53.220001,52.849998,52.900002,10150500,52.636136
2015-04-27,52.880001,53.389999,52.779999,52.799999,15613000,52.536632
2015-04-28,52.669998,53.099998,52.25,53.02,14134500,52.755536
2015-04-29,52.650002,53.990002,52.610001,53.759998,22542400,53.491843
2015-04-30,53.75,53.970001,52.919998,53.32,19420600,53.054039
2015-05-01,53.639999,53.84,53.310001,53.759998,13147600,53.491843
2015-05-04,53.849998,54.259998,53.740002,54.169998,15670100,53.899797
2015-05-05,53.990002,54.299999,53.25,53.349998,20669100,53.083888
2015-05-06,53.560001,53.900002,52.349998,52.82,19414800,52.556533
2015-05-07,52.59,53.439999,52.41,53.310001,14954200,53.094349
2015-05-08,53.549999,54.110001,53.299999,54.02,17333500,53.801476
2015-05-11,53.919998,54.16,53.799999,53.970001,13896800,53.751679
2015-05-12,53.669998,53.98,53.23,53.740002,13336900,53.52261
2015-05-13,53.720001,54.360001,53.48,54.200001,15810400,53.980748
2015-05-14,54.43,54.73,54.330002,54.599998,14250800,54.379128
2015-05-15,54.59,54.610001,54.029999,54.240002,10377200,54.020587
2015-05-18,54.189999,54.900002,54.169998,54.669998,11717600,54.448844
2015-05-19,54.790001,55.369999,54.75,55.330002,18207400,55.106178
2015-05-20,55.27,55.299999,54.75,54.889999,13954600,54.667956
2015-05-21,54.689999,55.099998,54.610001,54.84,11799200,54.618159
2015-05-22,54.779999,55.330002,54.68,54.970001,12652000,54.747634
2015-05-26,54.75,54.84,54.009998,54.240002,16564500,54.020587
2015-05-27,54.34,54.98,54.200001,54.869999,13699400,54.648036
2015-05-28,54.82,54.82,54.220001,54.549999,13380900,54.329331
2015-05-29,54.459999,54.490002,53.869999,54.080002,13841400,53.861235
2015-06-01,54.68,55.049999,54.439999,54.450001,18156300,54.229737
2015-06-02,54.400002,55.02,54.130001,54.720001,17765400,54.498645
2015-06-03,55.040001,56.02,55.009998,55.630001,21240500,55.404964
2015-06-04,55.450001,56.0,55.16,55.330002,18517600,55.106178
2015-06-05,56.02,56.580002,55.84,56.240002,26500400,56.012497
2015-06-08,56.25,56.5,55.650002,55.650002,14961600,55.424883
2015-06-09,55.57,56.360001,55.220001,56.0,15193100,55.773466
2015-06-10,56.27,57.209999,56.18,57.02,21275600,56.78934
2015-06-11,57.200001,57.5,56.93,57.209999,19187100,56.97857
2015-06-12,57.009998,57.25,56.669998,57.110001,13860600,56.878976
2015-06-15,56.619999,56.939999,56.110001,56.650002,17698400,56.420838
2015-06-16,56.52,57.130001,56.360001,57.07,13563800,56.839137
2015-06-17,57.07,57.150002,56.380001,56.540001,17801900,56.311283
2015-06-18,56.66,56.880001,55.98,56.759998,18739300,56.53039
2015-06-19,56.509998,56.810001,56.169998,56.23,18840500,56.002535
2015-06-22,56.860001,57.209999,56.759998,56.950001,13011600,56.719624
2015-06-23,57.279999,57.639999,57.119999,57.389999,16216100,57.157843
2015-06-24,56.66,56.990002,56.5,56.66,19235500,56.430796
2015-06-25,56.990002,57.060001,56.18,56.189999,12176200,55.962696
2015-06-26,56.470001,56.650002,56.099998,56.34,12148300,56.112091
2015-06-29,55.040001,55.619999,54.849998,54.880001,22260400,54.657998
2015-06-30,55.52,55.68,54.810001,55.240002,17737400,55.016542
2015-07-01,56.009998,56.009998,55.240002,55.68,17606100,55.454761
2015-07-02,55.43,55.849998,55.07,55.369999,12062800,55.146014
2015-07-06,54.790001,55.25,54.5,55.080002,12706200,54.85719
2015-07-07,54.970001,55.049999,53.029999,54.5,32011200,54.279534
2015-07-08,53.810001,53.810001,52.77,52.799999,26169400,52.58641
2015-07-09,53.84,54.150002,53.599998,53.709999,23540400,53.492729
2015-07-10,54.549999,54.790001,54.299999,54.560001,16578700,54.339293
2015-07-13,55.040001,55.689999,55.040001,55.540001,18803900,55.315328
2015-07-14,55.369999,56.119999,55.240002,55.91,18174900,55.68383
2015-07-15,56.259998,56.790001,55.950001,56.459999,20470500,56.231604
2015-07-16,57.900002,58.650002,57.709999,58.59,41084000,58.352989
2015-07-17,58.529999,58.889999,58.34,58.75,21055300,58.512342
2015-07-20,58.959999,59.299999,58.630001,58.849998,16016600,58.611936
2015-07-21,58.799999,59.310001,58.799999,59.099998,21541700,58.860924
2015-07-22,59.119999,60.529999,59.029999,60.34,30156200,60.09591
2015-07-23,60.290001,60.950001,59.73,59.869999,29432300,59.62781
2015-07-24,59.700001,59.77,58.330002,58.700001,24760800,58.462545
2015-07-27,57.900002,58.330002,57.43,57.959999,20378400,57.725537
2015-07-28,58.450001,58.5,57.779999,58.369999,12566700,58.133878
2015-07-29,58.560001,59.150002,58.43,58.919998,14460800,58.681652
2015-07-30,58.73,59.049999,58.299999,58.880001,11202100,58.691624
2015-07-31,58.790001,58.84,58.369999,58.459999,12529300,58.272966
2015-08-03,58.619999,58.669998,57.950001,58.439999,10508700,58.253029
2015-08-04,58.369999,58.869999,58.290001,58.470001,10984500,58.282936
2015-08-05,58.939999,59.25,58.599998,58.740002,10631000,58.552073
2015-08-06,58.82,58.959999,57.900002,58.099998,14707400,57.914117
2015-08-07,58.18,58.610001,57.439999,57.91,11934000,57.724726
2015-08-10,58.259998,58.84,58.209999,58.740002,10812200,58.552073
2015-08-11,58.009998,58.25,57.240002,57.639999,18897600,57.455589
2015-08-12,56.939999,57.240002,55.310001,56.91,27428700,56.727925
2015-08-13,57.029999,57.599998,56.5,57.330002,15837900,57.146584
2015-08-14,57.18,57.720001,57.18,57.59,8864000,57.40575
2015-08-17,57.16,57.849998,56.990002,57.77,11139200,57.585175
2015-08-18,57.669998,57.919998,57.400002,57.549999,11593200,57.365877
2015-08-19,57.18,57.52,56.560001,57.0,17673200,56.817638
2015-08-20,56.029999,56.310001,55.330002,55.330002,28455500,55.152982
2015-08-21,54.400002,55.049999,53.580002,53.599998,33437500,53.428514
2015-08-24,49.130001,52.529999,47.099998,50.34,37767000,50.178945
2015-08-25,52.700001,52.75,49.880001,49.880001,27809200,49.720418
2015-08-26,51.41,52.380001,50.25,52.279999,30721900,52.112737
2015-08-27,53.189999,53.619999,52.349998,53.439999,26467300,53.269026
2015-08-28,53.09,53.560001,52.82,53.279999,17205400,53.109538
2015-08-31,53.130001,53.66,52.720001,53.48,20629000,53.308899
2015-09-01,52.400002,52.400002,50.290001,50.939999,28621600,50.777024
2015-09-02,51.810001,52.029999,50.990002,51.75,17515800,51.584434
2015-09-03,51.959999,52.709999,51.59,51.790001,15708700,51.624307
2015-09-04,51.130001,51.299999,50.119999,50.59,19054500,50.428146
2015-09-08,51.400002,51.880001,51.02,51.650002,17160200,51.484756
2015-09-09,52.400002,52.619999,50.73,50.880001,16930900,50.717219
2015-09-10,50.560001,51.5,50.290001,51.07,17467000,50.906609
2015-09-11,51.009998,51.150002,50.630001,51.099998,12001800,50.936512
2015-09-14,51.080002,51.18,50.68,50.98,11427000,50.816897
2015-09-15,51.18,52.290001,51.060001,52.0,17858900,51.833634
2015-09-16,52.259998,52.709999,51.790001,52.59,17369500,52.421747
2015-09-17,52.610001,53.0,51.380001,51.650002,24075200,51.484756
2015-09-18,50.700001,50.84,50.110001,50.290001,33404600,50.129106
2015-09-21,50.82,51.099998,50.360001,50.709999,14936600,50.547761
2015-09-22,49.950001,50.450001,49.860001,50.380001,19610600,50.218818
2015-09-23,50.400002,50.650002,49.950001,50.119999,13680200,49.959648
2015-09-24,49.66,49.75,48.75,49.130001,32241000,48.972818
2015-09-25,50.169998,50.720001,49.869999,50.549999,22341800,50.388273
2015-09-28,50.630001,50.700001,48.950001,49.029999,21919800,48.873135
2015-09-29,49.049999,49.450001,48.470001,49.0,16485000,48.843232
2015-09-30,49.810001,49.84,48.900002,49.610001,17629000,49.451281
2015-10-01,49.419998,50.0,49.220001,49.889999,16291000,49.730384
2015-10-02,48.509998,49.880001,47.709999,49.880001,27320900,49.720418
2015-10-05,50.400002,51.34,50.34,51.16,14881200,50.996322
2015-10-06,51.049999,51.5,50.830002,51.060001,12602100,50.896643
2015-10-07,51.48,51.849998,50.889999,51.32,16572000,51.15581
2015-10-08,51.09,51.84,50.75,51.650002,16903000,51.484756
2015-10-09,51.82,52.02,50.93,51.380001,14341200,51.215619
2015-10-12,51.360001,51.490002,50.880001,51.279999,11187000,51.115937
2015-10-13,50.849998,51.709999,50.830002,51.209999,13337900,51.046161
2015-10-14,51.07,51.220001,50.380001,50.720001,22288000,50.557731
2015-10-15,51.830002,53.18,51.119999,52.970001,31023100,52.800532
2015-10-16,53.34,53.360001,52.57,52.689999,17529400,52.521425
2015-10-19,52.360001,53.18,52.330002,52.860001,13616200,52.690884
2015-10-20,52.860001,53.200001,52.599998,52.84,11195800,52.670947
2015-10-21,52.990002,53.16,51.790001,51.810001,15577800,51.644244
2015-10-22,52.18,52.869999,52.150002,52.509998,22320500,52.342001
2015-10-23,53.0,53.669998,52.950001,53.639999,19927100,53.468387
2015-10-26,53.23,53.59,52.75,53.110001,14530700,52.940084
2015-10-27,52.709999,52.91,52.240002,52.610001,13232400,52.441683
2015-10-28,52.860001,54.959999,52.709999,54.73,23403900,54.5549
2015-10-29,54.5,55.060001,53.619999,53.66,23153900,53.537233
2015-10-30,53.75,53.82,52.93,53.169998,18430200,53.048352
2015-11-02,53.450001,54.049999,53.34,53.830002,11999700,53.706846
2015-11-03,53.560001,54.389999,53.52,54.16,13518300,54.036089
2015-11-04,54.369999,54.5,53.66,53.830002,16985200,53.706846
2015-11-05,53.779999,54.400002,53.75,54.150002,13632500,54.026114
2015-11-06,55.77,56.459999,55.490002,55.869999,21654400,55.742176
2015-11-09,55.919998,56.189999,55.07,55.709999,19921800,55.582542
2015-11-10,55.529999,56.169998,55.0,55.799999,17657400,55.672336
2015-11-11,56.119999,56.139999,54.779999,54.900002,15834000,54.774398
2015-11-12,54.52,54.52,53.450001,53.459999,17735000,53.33769
2015-11-13,53.169998,53.580002,52.669998,53.169998,16828800,53.048352
2015-11-16,52.959999,53.689999,52.490002,53.689999,14896600,53.567163
2015-11-17,53.889999,54.220001,53.23,53.490002,14845300,53.367624
2015-11-18,53.849998,55.029999,53.759998,54.98,19100300,54.854213
2015-11-19,54.880001,55.299999,54.740002,55.060001,11997500,54.934032
2015-11-20,55.369999,55.369999,54.549999,54.75,14896000,54.624739
2015-11-23,54.669998,54.84,54.150002,54.279999,14547100,54.155813
2015-11-24,53.810001,54.509998,53.709999,54.18,12950900,54.056044
2015-11-25,54.290001,54.330002,53.759998,54.080002,9859400,53.956274
2015-11-27,54.060001,54.369999,53.720001,54.209999,5483300,54.085974
2015-11-30,54.34,54.459999,53.970001,54.09,14603100,53.96625
2015-12-01,54.400002,54.91,54.25,54.880001,11856000,54.754443
2015-12-02,54.990002,55.02,54.029999,54.139999,15288800,54.016134
2015-12-03,54.419998,54.599998,53.349998,53.509998,19750000,53.387575
2015-12-04,53.66,55.330002,53.52,55.09,21464100,54.963962
2015-12-07,54.77,54.880001,53.91,54.400002,15077300,54.275542
2015-12-08,53.84,54.009998,53.18,53.389999,14785500,53.26785
2015-12-09,53.049999,53.810001,52.310001,52.810001,19903700,52.689179
2015-12-10,52.889999,53.240002,52.169998,52.650002,16333800,52.529545
2015-12-11,51.939999,52.209999,50.669998,51.110001,24093500,50.993068
2015-12-14,51.139999,51.73,50.5,51.099998,21586800,50.983089
2015-12-15,51.849998,52.799999,51.849998,52.52,21630200,52.399842
2015-12-16,53.040001,54.009998,52.299999,53.900002,26044800,53.776686
2015-12-17,54.009998,54.200001,52.709999,52.84,17179600,52.719109
2015-12-18,52.459999,52.68,51.16,51.209999,25509600,51.092838
2015-12-21,51.709999,51.91,51.080002,51.790001,16929000,51.671512
2015-12-22,51.990002,52.130001,51.389999,52.009998,13241300,51.891006
2015-12-23,52.299999,52.639999,52.080002,52.630001,14950200,52.509591
2015-12-24,52.48,52.970001,52.450001,52.709999,4671200,52.589406
2015-12-28,52.57,52.57,51.959999,52.380001,8761700,52.260163
2015-12-29,52.759998,53.220001,52.740002,52.98,10155100,52.858788
2015-12-30,52.84,52.939999,52.25,52.299999,8763300,52.180344
2015-12-31,52.07,52.389999,51.75,51.75,11281800,51.631603
2016-01-04,50.75,51.189999,50.189999,51.130001,23440200,51.013023
2016-01-05,51.540001,51.610001,50.41,50.860001,17444900,50.74364
2016-01-06,50.099998,50.580002,49.759998,50.119999,22501800,50.005331
2016-01-07,49.07,49.380001,47.5,47.560001,37902900,47.451191
2016-01-08,48.73,48.740002,46.029999,46.130001,30643000,46.024462
2016-01-11,46.560001,46.990002,45.93,46.849998,26284600,46.742812
2016-01-12,47.5,47.5,46.27,46.880001,26310000,46.772746
2016-01-13,47.32,47.349998,44.970001,45.189999,27925800,45.08661
2016-01-14,45.419998,45.82,44.57,45.380001,30129500,45.276178
2016-01-15,42.509998,43.689999,41.849998,42.470001,52452600,42.372836
2016-01-19,42.849998,43.119999,41.66,41.939999,39032700,41.844046
2016-01-20,40.52,41.029999,39.439999,40.490002,49905400,40.397366
2016-01-21,40.509998,41.389999,40.029999,40.150002,34976700,40.058144
2016-01-22,41.049999,41.349998,40.82,41.060001,30187200,40.966062
2016-01-25,40.810001,40.959999,39.450001,39.549999,31924000,39.459514
2016-01-26,39.599998,40.790001,39.5,40.5,23508400,40.407341
2016-01-27,40.369999,41.689999,40.23,40.560001,28274800,40.467206
2016-01-28,41.200001,41.389999,40.07,40.389999,23212800,40.34733
2016-01-29,40.799999,42.59,40.779999,42.580002,36107600,42.535019
2016-02-01,42.360001,42.830002,42.0,42.48,22860300,42.435122
2016-02-02,41.860001,41.860001,40.279999,40.419998,31460900,40.377297
2016-02-03,40.650002,40.709999,38.040001,40.360001,43680300,40.317363
2016-02-04,40.110001,41.57,40.049999,40.790001,26732600,40.746909
2016-02-05,41.02,41.439999,39.549999,39.860001,23599700,39.817891
2016-02-08,39.139999,39.18,37.18,37.810001,35237100,37.770058
2016-02-09,36.93,38.07,36.68,37.509998,39767200,37.470372
2016-02-10,38.5,39.09,37.380001,37.41,33390000,37.370479
2016-02-11,36.0,36.16,34.52,34.98,48945600,34.943046
2016-02-12,36.029999,37.869999,35.98,37.540001,38120400,37.500342
2016-02-16,38.59,39.220001,38.32,38.889999,31802500,38.848915
2016-02-17,39.709999,40.290001,39.5,39.779999,29133500,39.737974
2016-02-18,39.93,39.990002,38.619999,38.919998,24107700,38.878882
2016-02-19,38.82,39.060001,38.060001,38.990002,22426000,38.948811
2016-02-22,39.669998,39.970001,39.299999,39.52,22028600,39.47825
2016-02-23,39.119999,39.189999,38.040001,38.220001,26234200,38.179624
2016-02-24,37.439999,38.18,36.610001,38.09,25912400,38.049761
2016-02-25,38.23,38.650002,38.009998,38.619999,19889500,38.5792
2016-02-26,39.060001,40.02,38.759998,39.5,23757400,39.458271
2016-02-29,39.43,39.799999,38.849998,38.849998,22268700,38.808956
2016-03-01,39.150002,41.290001,39.099998,41.27,30606800,41.226401
2016-03-02,41.240002,42.25,41.09,42.220001,28383800,42.175399
2016-03-03,42.139999,42.869999,41.889999,42.830002,21835200,42.784755
2016-03-04,43.07,43.59,42.470001,42.830002,28071000,42.784755
2016-03-07,42.360001,42.93,42.080002,42.610001,22134600,42.564986
2016-03-08,42.150002,42.310001,40.990002,41.049999,26265000,41.006633
2016-03-09,41.360001,41.43,40.630001,41.150002,18573900,41.106529
2016-03-10,41.610001,42.150002,40.610001,41.369999,21139800,41.326294
2016-03-11,42.27,43.009998,41.759998,42.990002,21068500,42.944586
2016-03-14,42.66,42.91,42.209999,42.669998,15332700,42.62492
2016-03-15,42.259998,42.619999,41.970001,42.59,13784700,42.545007
2016-03-16,42.130001,43.049999,41.5,42.23,22981000,42.185386
2016-03-17,41.990002,42.93,41.380001,42.849998,24262800,42.80473
2016-03-18,43.43,43.970001,43.25,43.540001,30801900,43.494004
2016-03-21,43.43,44.259998,43.25,43.599998,16226400,43.553938
2016-03-22,43.27,43.630001,42.91,43.380001,14885100,43.334173
2016-03-23,43.279999,43.5,42.279999,42.369999,23989200,42.325238
2016-03-24,41.779999,41.939999,41.029999,41.939999,22723400,41.895692
2016-03-28,42.099998,42.18,41.68,41.919998,13062400,41.875713
2016-03-29,41.779999,41.779999,41.139999,41.720001,18160100,41.675927
2016-03-30,41.98,42.59,41.849998,41.880001,14763200,41.835758
2016-03-31,41.830002,42.34,41.59,41.75,15661700,41.705894
2016-04-01,41.52,42.599998,41.299999,42.470001,17749500,42.425135
2016-04-04,42.360001,42.700001,41.98,42.060001,14376300,42.015568
2016-04-05,41.450001,41.900002,41.119999,41.509998,17867800,41.466146
2016-04-06,41.529999,41.889999,41.189999,41.860001,16169900,41.815778
2016-04-07,41.299999,41.48,39.950001,40.27,22618000,40.227458
2016-04-08,40.860001,41.279999,40.369999,40.470001,14676100,40.427247
2016-04-11,40.740002,41.509998,40.709999,41.119999,21083700,41.076558
2016-04-12,41.279999,41.959999,41.119999,41.900002,19888700,41.855737
2016-04-13,42.549999,44.490002,42.549999,44.25,33135400,44.203253
2016-04-14,44.139999,45.290001,44.02,44.98,26885100,44.932481
2016-04-15,46.450001,46.560001,44.599998,44.919998,39168600,44.872543
2016-04-18,44.419998,45.25,44.209999,45.110001,22929900,45.062345
2016-04-19,45.419998,45.93,45.23,45.630001,18833300,45.581796
2016-04-20,45.740002,46.75,45.73,46.740002,21645700,46.690624
2016-04-21,46.790001,46.950001,46.23,46.599998,21538600,46.550769
2016-04-22,46.689999,47.349998,46.619999,46.970001,17425900,46.920381
2016-04-25,46.630001,46.93,46.139999,46.689999,13480500,46.640674
2016-04-26,46.709999,47.16,46.419998,47.099998,15573600,47.05024
2016-04-27,46.889999,47.84,46.790001,47.330002,19444700,47.280001
2016-04-28,46.790001,47.529999,46.549999,46.73,18399500,46.73
2016-04-29,46.52,46.860001,46.060001,46.279999,23922700,46.279999
2016-05-02,46.540001,46.830002,45.900002,46.68,13802500,46.68
2016-05-03,45.77,45.830002,44.98,45.57,21074600,45.57
2016-05-04,44.880001,45.02,44.169998,44.66,24218700,44.66
2016-05-05,44.779999,45.080002,44.16,44.23,14903300,44.23
2016-05-06,43.810001,44.419998,43.720001,44.41,17620900,44.41
2016-05-09,44.310001,44.610001,43.650002,43.889999,14148800,43.889999
2016-05-10,44.34,44.900002,44.110001,44.84,13548000,44.84
2016-05-11,44.66,45.380001,44.459999,44.470001,15840300,44.470001
2016-05-12,44.84,45.169998,43.77,44.0,15451300,44.0
2016-05-13,43.98,44.57,43.0,43.110001,19373200,43.110001
2016-05-16,43.110001,43.5,42.939999,43.150002,17111200,43.150002
2016-05-17,43.07,43.889999,42.810001,43.700001,19891800,43.700001
2016-05-18,43.75,46.139999,43.75,45.869999,37590100,45.869999
2016-05-19,45.599998,46.060001,44.630001,45.060001,23017000,45.060001
2016-05-20,45.419998,45.700001,44.790001,44.900002,19564800,44.900002
2016-05-23,44.849998,45.18,44.57,45.110001,15018000,45.110001
2016-05-24,45.450001,46.189999,45.310001,45.860001,18467800,45.860001
2016-05-25,46.189999,47.599998,46.189999,46.939999,23944600,46.939999
2016-05-26,47.040001,47.119999,46.07,46.110001,16853000,46.110001
2016-05-27,46.240002,46.669998,46.080002,46.580002,13762600,46.580002
2016-05-31,46.880001,46.900002,46.310001,46.57,21061200,46.57
2016-06-01,46.040001,46.990002,45.48,46.939999,17208000,46.939999
2016-06-02,46.860001,47.060001,46.599998,46.970001,15378900,46.970001
2016-06-03,45.110001,45.599998,44.25,45.389999,36752300,45.389999
2016-06-06,45.389999,46.259998,45.209999,45.740002,17292400,45.740002
2016-06-07,46.040001,46.099998,45.509998,45.540001,12060000,45.540001
2016-06-08,45.48,45.900002,45.299999,45.560001,13024700,45.560001
2016-06-09,45.18,45.209999,44.650002,45.009998,17044500,45.009998
2016-06-10,44.27,44.400002,43.68,43.900002,22981200,43.900002
2016-06-13,43.23,44.060001,43.150002,43.16,20460600,43.16
